Titles,Colors Available,Price
Samba Classic,"2 colors, Indoor",0
RESPONSE,5 colors,0
Grand Court 2.0 Shoes,9 colors,0
Lite Racer Adapt 4 Cloudfoam Lifestyle Running Slip-On Shoes,4 colors,0
Gazelle Shoes,25 colors,0
Nizza Platform Shoes,8 colors,0
Runfalcon 3 Cloudfoam Low Running Shoes,10 colors,0
Grand Court 2.0 Shoes,9 colors,0
Swift Run 1.0 Shoes,6 colors,0
NMD_G1 Shoes,4 colors,0
Ultraboost 1.0 Shoes,28 colors,0
TERREX FREE HIKER 2 C.RDY,2 colors,0
Streetball III Shoes,2 colors,0
X_PLRBOOST Shoes,10 colors,0
SL 72 RS Shoes,3 colors,0
Lite Racer Adapt 6.0 Shoes,7 colors,0
Samba OG Shoes,24 colors,0
Superstar Shoes,29 colors,0
Busenitz Pro Shoes,10 colors,0
Gazelle Shoes,25 colors,0
Swift Run 1.0 Shoes,6 colors,0
Stan Smith Shoes,13 colors,0
Daily 3.0 Shoes,12 colors,0
Samba Shoes,3 colors,0
Superstar Shoes,29 colors,0
Trae Young 3 Shoes,12 colors,0
Ultraboost 1.0 Shoes,28 colors,0
Ultraboost 1.0 Shoes,28 colors,0
Gazelle ADV Shoes,2 colors,0
Dame Certified 2.0 Basketball Shoes,9 colors,0
Gazelle Indoor Shoes,2 colors,0
Daily 3.0 Shoes,12 colors,0
Campus 00s Shoes,17 colors,0
VL Court 3.0 Shoes,6 colors,0
Stan Smith Shoes,13 colors,0
NMD_R1 Shoes,27 colors,0
Pureboost 23 Running Shoes,8 colors,0
Lite Racer Adapt 5.0 Shoes,12 colors,0
4DFWD 3 Running Shoes,3 colors,0
Samba OG Shoes,24 colors,0
NMD_G1 Shoes,4 colors,0
OZWEEGO TR Shoes,4 colors,0
Ultraboost 1.0 Shoes,28 colors,0
Country OG Shoes,10 colors,0
Runfalcon 3 Running Shoes,9 colors,0
Grand Court 2.0 Shoes,10 colors,0
Handball Spezial Shoes,9 colors,0
Dame Certified 2.0 Basketball Shoes,6 colors,0
Stan Smith Lux Shoes,4 colors,0
OZWEEGO TR Shoes,2 colors,0
Samba Classic Shoes,0,0
